elapsed_s,cpu_user_pct,cpu_system_pct,cpu_total_pct,rss_mb,words_total,speaking_duration_s,avg_wpm,rms_avg,thermal_state,marker
10.0,0.00,0.00,0.00,23.9,0,0.0,0.0,0.002031,0,
20.0,0.00,0.00,0.00,24.1,1,19.3,0.0,0.001964,0,
30.0,1.41,0.26,1.67,24.1,1,19.3,0.0,0.002285,0,
40.0,0.00,0.00,0.00,24.1,1,19.3,0.0,0.002480,0,
50.0,0.00,0.00,0.00,24.1,1,19.3,0.0,0.001855,0,
60.0,2.98,0.57,3.55,24.1,1,19.3,0.0,0.001927,0,
70.0,0.00,0.00,0.00,24.1,1,19.3,0.0,0.002147,0,
80.0,0.00,0.00,0.00,24.1,1,19.3,0.0,0.002680,0,
90.0,3.34,0.72,4.05,21.2,1,19.3,0.0,0.002999,0,
100.0,0.00,0.00,0.00,21.2,1,19.3,0.0,0.003260,0,
110.0,0.00,0.00,0.00,21.2,1,19.3,0.0,0.004359,0,
120.0,0.00,0.00,0.00,21.2,1,19.3,0.0,0.002036,0,
130.0,0.00,0.00,0.00,21.2,1,19.3,0.0,0.002125,0,
140.0,0.00,0.00,0.00,21.2,1,19.3,0.0,0.002119,0,
150.0,6.00,0.87,6.86,21.2,1,19.3,0.0,0.001709,0,
160.0,0.00,0.00,0.00,21.2,1,19.3,0.0,0.001725,0,
170.0,0.00,0.00,0.00,21.2,1,19.3,0.0,0.001873,0,
180.0,0.00,0.00,0.00,21.2,1,19.3,0.0,0.001911,0,
190.0,0.00,0.00,0.00,21.2,1,19.3,0.0,0.001693,0,
200.0,0.00,0.00,0.00,21.3,1,19.3,0.0,0.002732,0,
210.0,0.00,0.00,0.00,21.3,1,19.3,0.0,0.002259,0,
220.0,0.00,0.00,0.00,21.3,1,19.3,0.0,0.004090,0,
230.0,0.00,0.00,0.00,21.3,1,19.3,0.0,0.006587,0,
240.0,0.00,0.00,0.00,21.2,1,19.3,0.0,0.002551,0,
250.0,0.00,0.00,0.00,21.3,1,19.3,0.0,0.001919,0,
260.0,19.04,3.66,22.69,21.2,1,19.3,0.0,0.002246,0,
270.0,0.00,0.00,0.00,21.2,1,19.3,0.0,0.001923,0,
280.0,0.00,0.00,0.00,21.4,1,19.3,0.0,0.001780,0,
290.0,0.00,0.00,0.00,21.4,1,19.3,0.0,0.002119,0,
300.0,0.00,0.00,0.00,21.4,1,19.3,0.0,0.002025,0,
310.0,0.00,0.00,0.00,21.4,1,19.3,0.0,0.002142,0,
320.0,0.00,0.00,0.00,21.4,1,19.3,0.0,0.001928,0,
330.0,0.00,0.00,0.00,21.4,1,19.3,0.0,0.002448,0,
340.0,0.00,0.00,0.00,21.4,1,19.3,0.0,0.002762,0,
350.0,0.00,0.00,0.00,21.4,1,19.3,0.0,0.002085,0,
360.0,0.00,0.00,0.00,21.4,1,19.3,0.0,0.001900,0,
370.0,0.00,0.00,0.00,21.4,1,19.3,0.0,0.002067,0,
380.0,0.00,0.00,0.00,21.4,1,19.3,0.0,0.001804,0,
390.0,12.38,2.44,14.82,21.4,1,19.3,0.0,0.001861,0,
400.0,0.00,0.00,0.00,21.4,1,19.3,0.0,0.002874,0,
410.0,0.00,0.00,0.00,21.4,1,19.3,0.0,0.002464,0,
420.0,33.72,6.73,40.44,21.4,1,19.3,0.0,0.002493,0,
430.0,0.00,0.00,0.00,20.5,1,19.3,0.0,0.002327,0,
440.0,0.00,0.00,0.00,20.5,1,19.3,0.0,0.002246,0,
450.0,0.00,0.00,0.00,20.5,1,19.3,0.0,0.004088,0,
460.0,0.00,0.00,0.00,20.5,1,19.3,0.0,0.004032,0,
470.0,0.00,0.00,0.00,20.5,1,19.3,0.0,0.004785,0,
480.1,0.00,0.00,0.00,20.5,1,19.3,0.0,0.004467,0,
490.0,0.00,0.00,0.00,20.5,1,19.3,0.0,0.004626,0,
500.0,0.00,0.00,0.00,20.5,1,19.3,0.0,0.005449,0,
510.0,0.00,0.00,0.00,20.6,1,19.3,0.0,0.006726,0,
520.0,0.00,0.00,0.00,20.5,1,19.3,0.0,0.004764,0,
530.0,0.00,0.00,0.00,20.5,1,19.3,0.0,0.008516,0,
540.0,33.21,6.61,39.81,20.5,1,19.3,0.0,0.005554,0,
550.0,0.00,0.00,0.00,20.8,1,19.3,0.0,0.005356,0,
560.0,0.00,0.00,0.00,20.8,1,19.3,0.0,0.002927,0,
570.0,0.00,0.00,0.00,20.8,1,19.3,0.0,0.005744,0,
580.0,0.00,0.00,0.00,20.8,1,19.3,0.0,0.005834,0,
590.0,0.00,0.00,0.00,20.8,1,19.3,0.0,0.005120,0,
600.0,15.14,2.71,17.85,20.8,1,19.3,0.0,0.004628,0,
610.0,0.00,0.00,0.00,20.8,1,19.3,0.0,0.005881,0,
620.0,16.12,3.11,19.23,20.8,1,19.3,0.0,0.003437,0,
630.0,0.00,0.00,0.00,20.8,1,19.3,0.0,0.004117,0,
640.0,0.44,0.07,0.51,20.8,1,19.3,0.0,0.005582,0,
650.0,0.00,0.00,0.00,20.7,1,19.3,0.0,0.004377,0,
660.0,0.00,0.00,0.00,20.7,1,19.3,0.0,0.005878,0,
670.0,0.00,0.00,0.00,20.7,1,19.3,0.0,0.005406,0,
680.0,0.00,0.00,0.00,20.7,1,19.3,0.0,0.005578,0,
690.0,0.00,0.00,0.00,20.7,1,19.3,0.0,0.003897,0,
700.0,0.00,0.00,0.00,20.7,1,19.3,0.0,0.002938,0,
710.0,0.00,0.00,0.00,20.7,1,19.3,0.0,0.004804,0,
720.0,0.00,0.00,0.00,20.7,1,19.3,0.0,0.003705,0,
730.0,0.00,0.00,0.00,20.7,1,19.3,0.0,0.003161,0,
740.0,0.00,0.00,0.00,20.7,1,19.3,0.0,0.003257,0,
750.0,0.00,0.00,0.00,20.7,1,19.3,0.0,0.003628,0,
760.0,0.00,0.00,0.00,20.7,1,19.3,0.0,0.005905,0,
770.0,0.00,0.00,0.00,20.7,1,19.3,0.0,0.006351,0,
780.0,0.00,0.00,0.00,20.6,1,19.3,0.0,0.003909,0,
790.0,0.00,0.00,0.00,20.6,1,19.3,0.0,0.004782,0,
800.0,0.00,0.00,0.00,20.6,1,19.3,0.0,0.002761,0,
810.0,0.00,0.00,0.00,20.6,1,19.3,0.0,0.003018,0,
820.0,0.00,0.00,0.00,20.5,1,19.3,0.0,0.003790,0,
830.0,0.00,0.00,0.00,20.5,1,19.3,0.0,0.002492,0,
840.0,0.00,0.00,0.00,20.5,1,19.3,0.0,0.002389,0,
850.0,0.00,0.00,0.00,20.5,1,19.3,0.0,0.002486,0,
860.0,0.00,0.00,0.00,20.5,1,19.3,0.0,0.002549,0,
870.0,0.00,0.00,0.00,20.5,1,19.3,0.0,0.002551,0,
880.0,0.00,0.00,0.00,20.5,1,19.3,0.0,0.004675,0,
890.0,0.00,0.00,0.00,20.5,1,19.3,0.0,0.007339,0,
900.0,0.00,0.00,0.00,20.5,1,19.3,0.0,0.002822,0,SCENARIO_BOUNDARY
910.0,0.00,0.00,0.00,20.6,1,19.3,0.0,0.003956,0,
920.0,0.00,0.00,0.00,20.6,1,19.3,0.0,0.005848,0,
930.0,0.00,0.00,0.00,20.6,1,19.3,0.0,0.005971,0,
940.0,0.00,0.00,0.00,21.2,21,937.1,0.0,0.005951,0,
950.0,0.00,0.00,0.00,21.6,284,948.6,23.6,0.008531,0,
960.0,47.38,16.89,64.28,21.4,284,948.6,16.5,0.002687,0,
970.0,4.24,0.94,5.17,21.6,298,967.9,11.6,0.005946,0,
980.0,0.00,0.00,0.00,21.8,498,979.4,75.3,0.013477,0,
990.0,36.77,6.99,43.76,21.9,599,987.1,52.7,0.010016,0,
1000.0,0.00,0.00,0.00,22.1,838,998.5,129.2,0.015808,0,
1010.0,3.18,0.71,3.89,22.0,972,1006.2,90.4,0.012652,0,
1020.0,0.00,0.00,0.00,21.6,1938,1017.7,92.8,0.012503,0,
1030.0,0.00,0.00,0.00,21.8,2210,1029.2,99.9,0.012493,0,
1040.0,0.00,0.00,0.00,21.6,2341,1036.9,69.9,0.012528,0,
1050.0,0.00,0.00,0.00,21.5,2734,1048.4,48.9,0.013107,0,
1060.0,2.41,0.50,2.91,21.4,2881,1056.1,34.3,0.014884,0,
1070.0,0.00,0.00,0.00,21.5,2986,1067.6,24.0,0.010402,0,
1080.0,0.00,0.00,0.00,21.8,3252,1079.2,16.8,0.012768,0,
1090.0,0.00,0.00,0.00,21.8,3449,1086.9,11.8,0.012913,0,
1100.0,0.00,0.00,0.00,22.2,3816,1098.4,8.2,0.013330,0,
1110.0,8.67,1.92,10.58,22.2,4082,1109.9,76.4,0.012989,0,
1120.0,0.00,0.00,0.00,22.2,4636,1117.6,53.5,0.011065,0,
1130.0,0.00,0.00,0.00,22.2,5296,1129.1,261.1,0.042737,0,
1140.0,0.00,0.00,0.00,22.3,5575,1136.8,182.8,0.031429,0,
1150.0,0.00,0.00,0.00,22.7,6435,1148.3,157.4,0.030799,0,
1160.0,0.00,0.00,0.00,22.8,6560,1159.8,141.5,0.036958,0,
1170.0,0.00,0.00,0.00,22.9,6650,1167.6,325.5,0.037756,0,
1180.0,13.61,2.86,16.47,22.9,7052,1179.1,404.4,0.017072,0,
1190.0,0.00,0.00,0.00,23.0,7462,1186.8,381.0,0.012154,0,
1200.0,0.00,0.00,0.00,23.0,7617,1198.2,344.6,0.014799,0,
1210.0,10.70,2.10,12.80,22.9,7897,1209.8,591.2,0.015313,0,
1220.0,0.00,0.00,0.00,22.9,8045,1217.5,705.4,0.015317,0,
1230.0,0.00,0.00,0.00,23.0,8317,1229.0,569.9,0.013351,0,
1240.0,0.00,0.00,0.00,23.0,8518,1236.6,398.9,0.015818,0,
1250.0,4.24,0.88,5.13,23.0,8783,1248.2,326.6,0.014026,0,
1260.0,0.00,0.00,0.00,21.3,8937,1259.7,282.6,0.013533,0,
1270.0,0.00,0.00,0.00,22.0,9165,1267.4,325.2,0.015301,0,
1280.0,0.00,0.00,0.00,22.1,9359,1278.8,438.2,0.014127,0,
1290.0,0.00,0.00,0.00,22.0,9554,1286.6,433.0,0.013984,0,
1300.0,5.22,1.04,6.26,22.2,9902,1298.1,303.1,0.012605,0,
1310.0,0.00,0.00,0.00,22.2,10328,1309.7,434.0,0.013828,0,
1320.0,0.00,0.00,0.00,22.3,10451,1317.2,571.4,0.014464,0,
1330.0,0.00,0.00,0.00,22.4,10884,1328.8,475.3,0.015225,0,
1340.0,0.00,0.00,0.00,22.4,10965,1336.4,355.5,0.015871,0,
1350.0,0.00,0.00,0.00,22.5,11214,1348.0,511.2,0.013254,0,
1360.0,0.00,0.00,0.00,22.5,11511,1359.6,699.4,0.013618,0,
1370.0,7.82,1.23,9.06,22.5,11930,1367.2,534.9,0.012974,0,
1380.0,0.00,0.00,0.00,23.2,12425,1378.8,558.8,0.013284,0,
1390.0,0.00,0.00,0.00,23.8,12748,1386.4,391.2,0.015101,0,
1400.0,0.00,0.00,0.00,24.2,13815,1398.0,460.4,0.014356,0,
1410.0,0.00,0.00,0.00,24.2,14610,1409.4,379.1,0.012953,0,
1420.0,0.00,0.00,0.00,24.2,14912,1417.2,288.0,0.014931,0,
1430.0,0.00,0.00,0.00,23.6,15172,1428.6,201.6,0.013309,0,
1440.0,0.00,0.00,0.00,23.6,15347,1436.3,172.7,0.015459,0,
1450.0,0.00,0.00,0.00,23.6,15974,1447.8,120.9,0.015047,0,
1460.0,14.64,2.63,17.27,23.8,17329,1459.9,318.2,0.012115,0,
1470.0,0.00,0.00,0.00,24.4,17724,1467.2,285.7,0.012889,0,
1480.0,0.00,0.00,0.00,24.5,18161,1478.5,236.3,0.011687,0,
1490.0,0.00,0.00,0.00,24.5,18459,1486.2,165.4,0.040953,0,
1500.0,0.00,0.00,0.00,24.7,18844,1497.7,413.8,0.034906,0,
1510.0,0.00,0.00,0.00,24.8,19482,1509.2,558.2,0.016215,0,
1520.0,11.08,1.65,12.74,24.1,19795,1516.9,584.1,0.014526,0,
1530.0,0.00,0.00,0.00,24.1,20526,1528.4,631.8,0.017202,0,
1540.0,0.00,0.00,0.00,24.1,20804,1536.1,442.3,0.014046,0,
1550.0,0.00,0.00,0.00,24.2,21621,1547.9,494.9,0.013681,0,
1560.0,0.00,0.00,0.00,24.1,22108,1559.2,778.7,0.013629,0,
1570.0,0.00,0.00,0.00,24.5,22479,1566.8,545.1,0.015012,0,
1580.0,0.00,0.00,0.00,24.6,23264,1578.4,430.8,0.013330,0,
1590.0,0.00,0.00,0.00,24.6,23461,1589.9,347.6,0.014715,0,
1600.0,8.82,1.35,10.17,25.1,23559,1597.6,333.8,0.015803,0,
1610.0,0.00,0.00,0.00,25.1,24126,1609.3,285.1,0.016379,0,
1620.0,0.00,0.00,0.00,25.1,24530,1616.8,199.6,0.013437,0,
1630.0,0.00,0.00,0.00,26.5,24815,1628.3,139.7,0.014824,0,
1640.0,0.00,0.00,0.00,26.7,25338,1639.8,332.3,0.015467,0,
1650.0,0.00,0.00,0.00,27.8,25589,1647.5,464.5,0.015803,0,
1660.0,0.00,0.00,0.00,27.5,26177,1659.1,643.8,0.014216,0,
1670.0,0.00,0.00,0.00,27.7,26431,1666.8,620.1,0.014255,0,
1680.0,0.00,0.00,0.00,24.2,27094,1678.4,993.6,0.015003,0,
1690.0,0.00,0.00,0.00,24.9,27568,1689.8,795.0,0.015345,0,
1700.0,0.00,0.00,0.00,25.0,27826,1697.4,556.5,0.015914,0,
1710.0,0.00,0.00,0.00,25.7,28489,1708.9,448.8,0.015524,0,
1720.0,0.00,0.00,0.00,25.8,28702,1716.6,644.0,0.015536,0,
1730.0,0.00,0.00,0.00,25.9,29817,1728.1,450.8,0.015542,0,
1740.0,0.00,0.00,0.00,25.8,31605,1739.6,315.5,0.015263,0,
1750.0,0.00,0.00,0.00,25.7,31876,1747.3,220.9,0.013211,0,
1760.0,0.00,0.00,0.00,25.2,32719,1759.0,238.0,0.012087,0,
1770.0,0.00,0.00,0.00,25.6,33046,1766.6,166.6,0.012562,0,
1780.0,0.00,0.00,0.00,25.9,33798,1778.0,198.0,0.014108,0,
1790.0,47.45,8.16,55.61,25.9,34193,1789.6,138.6,0.014512,0,
1800.0,13.39,2.45,15.84,26.0,34570,1797.2,97.0,0.013886,0,
1810.0,1.23,0.24,1.47,26.1,34895,1808.8,67.9,0.013760,0,
1820.0,0.00,0.00,0.00,26.1,35046,1816.4,47.5,0.014080,0,
1830.0,0.00,0.00,0.00,26.2,35390,1828.1,227.3,0.016726,0,
1840.0,0.00,0.00,0.00,26.0,35876,1839.5,159.1,0.015296,0,
1850.0,0.00,0.00,0.00,26.3,36315,1847.3,199.8,0.015109,0,
1860.0,34.23,5.85,40.08,25.5,36586,1858.7,139.9,0.015190,0,
1870.0,0.00,0.00,0.00,25.3,36748,1866.5,156.4,0.014803,0,
1880.0,2.97,0.56,3.53,25.7,37048,1877.9,109.5,0.014226,0,
1890.0,0.00,0.00,0.00,25.8,37395,1889.4,611.0,0.014754,0,
1900.0,0.00,0.00,0.00,26.0,38590,1897.1,427.7,0.017770,0,
1910.0,0.00,0.00,0.00,26.7,39384,1908.7,573.0,0.013721,0,
1920.0,0.00,0.00,0.00,26.6,40490,1916.3,401.1,0.015215,0,
1930.0,0.00,0.00,0.00,26.5,41904,1927.8,328.6,0.014499,0,
1940.0,0.00,0.00,0.00,26.7,42404,1939.4,283.7,0.012774,0,
1950.0,4.63,0.85,5.48,26.7,42679,1947.1,216.1,0.013233,0,
1960.0,0.00,0.00,0.00,26.7,42890,1954.8,151.3,0.011734,0,
1970.0,26.43,4.70,31.13,26.7,42913,1966.2,105.9,0.012939,0,
1980.0,0.00,0.00,0.00,26.8,43288,1977.8,121.9,0.014649,0,
1990.0,0.00,0.00,0.00,26.8,43465,1989.2,276.4,0.015667,0,
2000.0,0.00,0.00,0.00,26.9,44240,1996.9,193.5,0.014889,0,
2010.0,0.00,0.00,0.00,27.0,44632,2008.4,135.4,0.015428,0,
2020.0,6.15,1.14,7.29,27.0,45537,2016.1,94.8,0.016193,0,
2030.0,0.00,0.00,0.00,27.3,48192,2028.1,717.8,0.015746,0,
2040.0,0.00,0.00,0.00,27.4,48591,2039.4,696.6,0.017115,0,
2050.0,0.00,0.00,0.00,27.4,48957,2046.9,668.4,0.015793,0,
2060.0,0.00,0.00,0.00,30.6,49567,2058.4,467.9,0.016079,0,
2070.0,0.00,0.00,0.00,30.7,50193,2069.9,327.5,0.015958,0,
2080.0,0.00,0.00,0.00,30.4,50378,2077.7,534.8,0.016301,0,
2090.0,21.68,4.20,25.88,30.4,51112,2089.2,520.0,0.014823,0,
2100.0,0.00,0.00,0.00,30.5,51244,2096.9,445.2,0.016927,0,
2110.0,0.00,0.00,0.00,30.6,52294,2108.3,311.6,0.015492,0,
2120.0,106.63,19.94,126.58,30.7,55110,2119.8,218.1,0.015141,0,
2130.0,0.00,0.00,0.00,30.8,55751,2127.6,344.8,0.014715,0,
2140.0,0.00,0.00,0.00,30.9,55993,2139.1,287.5,0.013794,0,
2150.0,0.00,0.00,0.00,30.9,56211,2146.8,279.2,0.014680,0,
2160.0,0.00,0.00,0.00,30.9,56657,2158.3,401.2,0.016004,0,
2170.0,0.00,0.00,0.00,30.9,57340,2169.7,613.1,0.020393,0,
2180.0,17.15,2.98,20.13,31.4,57728,2177.4,429.1,0.022889,0,
2190.0,0.00,0.00,0.00,31.4,58201,2189.0,416.5,0.015364,0,
2200.0,0.00,0.00,0.00,31.1,58974,2196.6,291.6,0.016412,0,
2210.0,0.00,0.00,0.00,31.2,60051,2208.2,589.2,0.015252,0,
2220.0,4.54,0.69,5.23,31.2,60312,2219.7,621.7,0.016657,0,
2230.0,15.79,2.68,18.46,31.2,60439,2227.3,440.7,0.024399,0,
2240.0,0.00,0.00,0.00,31.2,60847,2238.8,308.5,0.017518,0,
2250.0,0.00,0.00,0.00,31.2,60964,2246.6,258.2,0.012345,0,
2260.0,0.00,0.00,0.00,31.2,61189,2258.0,180.7,0.013558,0,
2270.0,11.06,2.04,13.10,31.0,61420,2269.6,165.2,0.013443,0,
2280.0,0.00,0.00,0.00,31.1,61512,2277.3,214.9,0.016417,0,
2290.0,0.00,0.00,0.00,31.2,61646,2288.9,301.2,0.016706,0,
2300.0,28.85,5.65,34.49,31.0,61684,2296.4,210.9,0.014253,0,
2310.0,0.00,0.00,0.00,30.1,61763,2308.0,278.7,0.016994,0,
2320.0,0.00,0.00,0.00,30.1,62078,2319.7,299.7,0.014710,0,
2330.0,0.00,0.00,0.00,30.0,62191,2327.2,272.0,0.016437,0,
2340.0,17.68,3.36,21.03,30.0,62369,2338.9,216.2,0.016300,0,
2350.0,0.00,0.00,0.00,30.0,62580,2346.4,151.3,0.015207,0,
2360.0,0.58,0.13,0.71,29.9,63175,2358.1,247.3,0.016142,0,
2370.0,0.00,0.00,0.00,29.9,63408,2369.4,223.4,0.014782,0,
2380.0,0.00,0.00,0.00,29.8,63541,2377.2,156.4,0.010719,0,
2390.0,0.00,0.00,0.00,29.9,63763,2388.7,391.8,0.015641,0,
2400.0,0.00,0.00,0.00,30.0,64615,2396.3,274.3,0.013581,0,
2410.0,11.13,2.27,13.40,29.9,65098,2407.9,229.4,0.014258,0,
2420.0,0.00,0.00,0.00,29.9,65246,2419.4,281.4,0.014507,0,
2430.0,0.00,0.00,0.00,29.9,65470,2427.0,197.0,0.018785,0,
2440.0,0.00,0.00,0.00,29.9,65901,2438.5,137.9,0.015956,0,
2450.0,3.87,0.53,4.40,29.9,66473,2446.4,96.5,0.017738,0,
2460.0,0.00,0.00,0.00,30.1,66919,2457.7,67.6,0.018065,0,
2470.0,0.00,0.00,0.00,30.2,67627,2469.2,151.3,0.019373,0,
2480.0,0.00,0.00,0.00,30.2,68165,2476.9,105.9,0.024386,0,
2490.0,0.00,0.00,0.00,30.3,69025,2488.4,74.1,0.020332,0,
2500.0,0.00,0.00,0.00,30.3,69609,2496.1,51.9,0.019237,0,
2510.0,0.00,0.00,0.00,30.3,71340,2507.6,36.3,0.020319,0,
2520.0,5.31,0.97,6.29,30.5,74581,2519.2,25.4,0.016159,0,
2530.0,0.00,0.00,0.00,30.5,74969,2526.8,17.8,0.016591,0,
2540.0,27.99,5.25,33.24,30.5,75377,2538.4,238.2,0.023579,0,
2550.0,0.00,0.00,0.00,30.0,75783,2549.9,166.8,0.013772,0,
2560.0,0.00,0.00,0.00,30.0,76162,2557.7,318.7,0.016368,0,
2570.0,0.00,0.00,0.00,30.1,76873,2569.1,223.1,0.016195,0,
2580.0,0.00,0.00,0.00,29.2,77238,2576.9,156.1,0.014817,0,
2590.0,24.77,3.87,28.64,28.8,77738,2588.3,395.5,0.019193,0,
2600.0,0.00,0.00,0.00,28.9,77895,2599.8,488.7,0.013029,0,
2610.0,0.00,0.00,0.00,29.0,77963,2607.6,438.0,0.015471,0,
2620.0,3.76,0.50,4.26,29.0,78107,2619.0,350.2,0.015004,0,
2630.0,0.00,0.00,0.00,29.0,78143,2626.7,251.8,0.017015,0,
2640.0,0.00,0.00,0.00,29.0,78387,2638.3,251.7,0.018397,0,
2650.0,0.00,0.00,0.00,29.1,78561,2649.7,447.1,0.019440,0,
2660.0,7.26,1.14,8.40,29.0,78676,2657.4,329.0,0.018081,0,
2670.0,0.00,0.00,0.00,29.2,79041,2668.9,230.3,0.016756,0,
2680.0,29.14,4.87,34.01,29.1,79676,2676.6,161.2,0.014600,0,
2690.0,0.00,0.00,0.00,29.2,80414,2688.1,156.9,0.017649,0,
2700.0,0.00,0.00,0.00,29.3,81263,2699.8,260.1,0.019434,0,
2710.0,0.00,0.00,0.00,29.4,81463,2707.4,399.9,0.016212,0,
2720.0,0.00,0.00,0.00,29.4,81795,2718.9,365.3,0.014560,0,
2730.0,4.50,0.66,5.16,29.4,82100,2726.5,255.7,0.017795,0,
2740.0,0.00,0.00,0.00,29.5,83297,2738.1,369.3,0.018103,0,
2750.0,0.00,0.00,0.00,29.6,83737,2749.6,497.0,0.019103,0,
2760.0,0.00,0.00,0.00,29.6,84184,2757.2,347.9,0.025633,0,
2770.0,0.00,0.00,0.00,29.7,84787,2768.9,346.8,0.030904,0,
2780.0,0.00,0.00,0.00,29.8,85053,2776.4,574.7,0.018601,0,
2790.0,0.00,0.00,0.00,29.8,85331,2788.1,495.0,0.016995,0,
2800.0,0.00,0.00,0.00,29.8,85781,2799.5,725.2,0.017159,0,
2810.0,0.00,0.00,0.00,29.8,85930,2807.2,507.7,0.017873,0,
2820.0,0.00,0.00,0.00,29.9,86534,2818.7,661.0,0.016318,0,
2830.0,0.00,0.00,0.00,29.9,86746,2826.4,577.2,0.017254,0,
2840.0,0.00,0.00,0.00,29.9,87446,2837.9,839.9,0.015316,0,
2850.0,18.29,2.73,21.03,29.9,88047,2849.4,588.0,0.016416,0,
2860.0,0.00,0.00,0.00,27.6,88444,2857.3,555.7,0.016116,0,
2870.0,0.00,0.00,0.00,29.6,89054,2868.7,500.3,0.015996,0,
2880.0,0.00,0.00,0.00,29.8,89151,2876.3,350.2,0.017426,0,
2890.0,0.00,0.00,0.00,29.8,89429,2887.8,245.1,0.022333,0,
2900.0,0.00,0.00,0.00,29.8,89684,2899.3,188.6,0.016957,0,
2910.0,29.44,4.14,33.58,29.8,89826,2907.0,132.0,0.018410,0,
2920.0,0.00,0.00,0.00,29.9,90987,2918.5,92.4,0.016894,0,
2930.0,0.00,0.00,0.00,30.0,91492,2926.3,174.7,0.017652,0,
2940.0,20.39,3.16,23.55,27.8,92431,2937.9,401.7,0.016834,0,
2950.0,0.00,0.00,0.00,28.9,92845,2949.3,335.9,0.016229,0,
2960.0,0.00,0.00,0.00,29.6,93503,2956.9,235.1,0.016803,0,
2970.0,15.35,2.47,17.82,29.7,94707,2968.4,164.6,0.016752,0,
2980.0,0.00,0.00,0.00,29.8,95110,2976.2,115.2,0.015752,0,
2990.0,0.00,0.00,0.00,30.2,95570,2987.7,334.5,0.016024,0,
3000.0,0.00,0.00,0.00,30.3,96150,2999.2,258.6,0.017842,0,
3010.0,0.00,0.00,0.00,30.3,96637,3007.0,253.4,0.015844,0,
3020.0,0.00,0.00,0.00,30.4,96978,3018.5,286.3,0.018693,0,
3030.0,0.00,0.00,0.00,30.5,97433,3029.9,754.2,0.019455,0,
3040.0,0.00,0.00,0.00,30.5,97751,3037.6,528.0,0.019442,0,
3050.0,0.00,0.00,0.00,30.5,98229,3049.1,780.0,0.016480,0,
3060.0,0.00,0.00,0.00,35.1,98879,3057.1,587.2,0.018694,0,
3070.0,0.00,0.00,0.00,35.8,99359,3068.4,554.9,0.020345,0,
3080.0,0.00,0.00,0.00,35.8,99778,3079.8,388.4,0.021102,0,
3090.0,0.00,0.00,0.00,35.9,100122,3087.5,438.4,0.019522,0,
3100.0,0.00,0.00,0.00,35.9,100312,3099.0,361.2,0.018797,0,
3110.0,0.00,0.00,0.00,36.0,100594,3106.7,252.9,0.025031,0,
3120.0,0.00,0.00,0.00,34.1,101460,3118.2,233.1,0.020426,0,
3130.0,0.00,0.00,0.00,35.9,101623,3129.7,207.6,0.011974,0,
3140.0,0.00,0.00,0.00,35.9,101879,3137.4,145.3,0.013675,0,
3150.0,53.52,8.73,62.25,36.0,103960,3148.9,101.7,0.016921,0,
3160.0,0.00,0.00,0.00,36.2,105299,3157.3,71.2,0.018184,0,
3170.0,0.00,0.00,0.00,37.9,105702,3168.2,462.1,0.019569,0,
3180.0,0.00,0.00,0.00,36.4,106093,3179.6,782.4,0.018538,0,
3190.0,0.00,0.00,0.00,38.0,106347,3187.3,591.9,0.017634,0,
3200.0,0.00,0.00,0.00,36.4,106740,3198.9,540.3,0.017610,0,
3210.0,3.46,0.49,3.95,36.4,106765,3206.5,378.2,0.019864,0,
3220.0,0.00,0.00,0.00,36.3,106824,3214.2,264.7,0.021361,0,
3230.0,0.00,0.00,0.00,36.4,107085,3229.6,563.4,0.017658,0,
3240.0,0.00,0.00,0.00,36.4,107263,3237.2,474.4,0.015031,0,
3250.0,0.00,0.00,0.00,36.5,107667,3248.9,391.5,0.018225,0,
3260.0,30.54,4.57,35.11,36.4,108010,3256.5,274.0,0.016620,0,
3270.0,0.00,0.00,0.00,36.5,108741,3268.0,191.8,0.026986,0,
3280.0,24.31,3.64,27.95,36.6,110163,3279.6,620.3,0.017512,0,
3290.0,2.64,0.53,3.17,36.5,110495,3287.2,479.5,0.014593,0,
3300.0,0.00,0.00,0.00,36.7,110845,3298.8,494.1,0.016627,0,
3310.0,0.54,0.14,0.67,36.6,111319,3306.6,394.9,0.016810,0,
3320.0,8.16,0.95,9.11,36.5,111664,3317.9,276.5,0.015519,0,
3330.0,0.00,0.00,0.00,36.6,112370,3329.4,227.0,0.016031,0,
3340.0,0.00,0.00,0.00,36.6,112598,3337.2,158.9,0.014998,0,
3350.0,0.00,0.00,0.00,36.7,112936,3348.6,217.8,0.015699,0,
3360.0,32.28,5.23,37.50,36.6,113093,3356.3,176.5,0.019289,0,
3370.0,0.00,0.00,0.00,36.7,113813,3368.0,204.9,0.015782,0,
3380.0,0.00,0.00,0.00,36.8,114103,3379.4,331.4,0.016239,0,
3390.0,0.00,0.00,0.00,36.9,114461,3387.1,249.5,0.014790,0,
3400.0,0.00,0.00,0.00,31.1,114633,3398.5,223.2,0.016233,0,
3410.0,0.00,0.00,0.00,32.7,114793,3406.2,156.2,0.015362,0,
3420.0,0.00,0.00,0.00,33.0,115201,3417.7,143.5,0.013837,0,
3430.0,0.00,0.00,0.00,33.0,115534,3429.3,234.2,0.013838,0,
3440.0,0.00,0.00,0.00,33.0,115748,3436.9,188.9,0.014653,0,
3450.0,0.00,0.00,0.00,33.0,116008,3448.5,156.5,0.018285,0,
3460.0,0.00,0.00,0.00,33.0,116161,3456.1,109.6,0.017163,0,
3470.0,14.72,2.15,16.87,33.0,117506,3467.9,123.2,0.015486,0,
3480.0,0.00,0.00,0.00,33.0,117891,3479.4,418.7,0.014953,0,
3490.0,0.00,0.00,0.00,33.0,118091,3486.9,293.1,0.015378,0,
3500.0,0.00,0.00,0.00,33.1,118434,3498.5,492.6,0.016847,0,
3510.0,19.99,3.08,23.07,33.1,119067,3509.9,424.3,0.015697,0,
3520.0,0.00,0.00,0.00,34.8,119684,3517.6,297.0,0.017035,0,
3530.0,0.00,0.00,0.00,33.1,120534,3529.1,268.5,0.011997,0,
3540.0,0.00,0.00,0.00,33.0,120604,3536.8,266.3,0.015568,0,
3550.0,0.00,0.00,0.00,33.0,120921,3548.3,278.9,0.020523,0,
3560.0,17.12,2.64,19.76,33.0,121291,3559.9,277.9,0.017568,0,
3570.0,0.00,0.00,0.00,33.0,121455,3567.6,310.2,0.015058,0,
3580.1,0.00,0.00,0.00,33.0,121597,3579.0,217.2,0.014922,0,
3590.1,7.56,1.41,8.97,33.0,121949,3586.8,152.0,0.012817,0,
3600.0,0.00,0.00,0.00,33.0,122116,3598.3,148.8,0.014717,0,
